{
  "per_category": {
    "cmdi": {
      "tp": 52,
      "fp": 42,
      "tn": 83,
      "fn": 74,
      "tpr": 0.4126984126984127,
      "fpr": 0.336,
      "precision": 0.5531914893617021,
      "f1": 0.4727272727272727,
      "benchmark_score": 0.07669841269841265,
      "total": 251
    },
    "crypto": {
      "tp": 97,
      "fp": 0,
      "tn": 116,
      "fn": 33,
      "tpr": 0.7461538461538462,
      "fpr": 0.0,
      "precision": 1.0,
      "f1": 0.8546255506607929,
      "benchmark_score": 0.7461538461538462,
      "total": 246
    },
    "hash": {
      "tp": 89,
      "fp": 0,
      "tn": 107,
      "fn": 40,
      "tpr": 0.689922480620155,
      "fpr": 0.0,
      "precision": 1.0,
      "f1": 0.81651376146789,
      "benchmark_score": 0.689922480620155,
      "total": 236
    },
    "ldapi": {
      "tp": 17,
      "fp": 15,
      "tn": 17,
      "fn": 10,
      "tpr": 0.6296296296296297,
      "fpr": 0.46875,
      "precision": 0.53125,
      "f1": 0.5762711864406779,
      "benchmark_score": 0.16087962962962965,
      "total": 59
    },
    "pathtraver": {
      "tp": 74,
      "fp": 60,
      "tn": 75,
      "fn": 59,
      "tpr": 0.556390977443609,
      "fpr": 0.4444444444444444,
      "precision": 0.5522388059701493,
      "f1": 0.5543071161048688,
      "benchmark_score": 0.11194653299916457,
      "total": 268
    },
    "securecookie": {
      "tp": 36,
      "fp": 0,
      "tn": 31,
      "fn": 0,
      "tpr": 1.0,
      "fpr": 0.0,
      "precision": 1.0,
      "f1": 1.0,
      "benchmark_score": 1.0,
      "total": 67
    },
    "sqli": {
      "tp": 160,
      "fp": 109,
      "tn": 123,
      "fn": 112,
      "tpr": 0.5882352941176471,
      "fpr": 0.4698275862068966,
      "precision": 0.5947955390334573,
      "f1": 0.5914972273567468,
      "benchmark_score": 0.1184077079107505,
      "total": 504
    },
    "trustbound": {
      "tp": 26,
      "fp": 8,
      "tn": 35,
      "fn": 57,
      "tpr": 0.3132530120481928,
      "fpr": 0.18604651162790697,
      "precision": 0.7647058823529411,
      "f1": 0.4444444444444445,
      "benchmark_score": 0.1272065004202858,
      "total": 126
    },
    "weakrand": {
      "tp": 193,
      "fp": 0,
      "tn": 275,
      "fn": 25,
      "tpr": 0.8853211009174312,
      "fpr": 0.0,
      "precision": 1.0,
      "f1": 0.9391727493917276,
      "benchmark_score": 0.8853211009174312,
      "total": 493
    },
    "xpathi": {
      "tp": 12,
      "fp": 9,
      "tn": 11,
      "fn": 3,
      "tpr": 0.8,
      "fpr": 0.45,
      "precision": 0.5714285714285714,
      "f1": 0.6666666666666666,
      "benchmark_score": 0.35000000000000003,
      "total": 35
    },
    "xss": {
      "tp": 119,
      "fp": 52,
      "tn": 157,
      "fn": 127,
      "tpr": 0.483739837398374,
      "fpr": 0.24880382775119617,
      "precision": 0.695906432748538,
      "f1": 0.5707434052757795,
      "benchmark_score": 0.23493600964717784,
      "total": 455
    }
  },
  "overall_all_categories": {
    "tp": 875,
    "fp": 295,
    "tn": 1030,
    "fn": 540,
    "tpr": 0.6183745583038869,
    "fpr": 0.22264150943396227,
    "precision": 0.7478632478632479,
    "f1": 0.6769825918762089,
    "benchmark_score": 0.3957330488699246,
    "total": 2740
  },
  "overall_covered_categories": {
    "tp": 875,
    "fp": 295,
    "tn": 1030,
    "fn": 540,
    "tpr": 0.6183745583038869,
    "fpr": 0.22264150943396227,
    "precision": 0.7478632478632479,
    "f1": 0.6769825918762089,
    "benchmark_score": 0.3957330488699246,
    "total": 2740
  },
  "covered_categories": [
    "cmdi",
    "crypto",
    "hash",
    "ldapi",
    "pathtraver",
    "securecookie",
    "sqli",
    "trustbound",
    "weakrand",
    "xpathi",
    "xss"
  ]
}